BUYER_STATE,BUYER_COUNTY,all_active_wt,oxy_wt,hyd_wt,perc_oxy,perc_hyd,perc_retail,perc_chain,perc_practitioner,most_dist_channel,pharmacy_num,dominance,Year,est_death_rate_cat,Population,median_income,Political.affiliation,act_wt_person_county
WV,BARBOUR,3300.13147,1431.307075,1868.824395,43.4,56.6,0.8546125461254612,0.14538745387453875,0,RETAIL PHARMACY,4,Yes,2012,3,16861,36087,Republican,0.1957257262321333
WV,BERKELEY,31192.1725203,25350.0473853,5842.125135,81.3,18.700000000000003,0.45262246412666995,0.5437902028698665,0.003587333003463632,CHAIN PHARMACY,25,No,2012,4,107030,53332,Republican,0.2914339205858171
WV,BOONE,12041.264973025,5082.827643025,6958.43733,42.199999999999996,57.800000000000004,0.842443729903537,0.15434083601286175,0.003215434083601286,RETAIL PHARMACY,11,Yes,2012,6,24371,42819,Democrat,0.4940816943508678
WV,BRAXTON,3334.946145,1544.445375,1790.50077,46.300000000000004,53.699999999999996,0.5535872453498671,0.4455270150575731,0.00088573959255978745,RETAIL PHARMACY,5,Yes,2012,3,14487,31623,Democrat,0.2302026744667633
WV,BROOKE,5910.41192,4280.115125,1630.296795,72.39999999999999,27.60000000000001,0.48558507631430187,0.5144149236856982,0,CHAIN PHARMACY,6,Yes,2012,4,23804,42307,Democrat,0.24829490505797344
WV,CABELL,34440.9081118,18394.7054368,16046.202675,53.400000000000006,46.599999999999994,0.4595305347228986,0.5332619070809389,0.007207558196162462,CHAIN PHARMACY,47,No,2012,6,96902,37238,Democrat,0.35541999248519124
WV,CALHOUN,494.785055,118.78625,375.998805,24,76,0.36162361623616235,0.6383763837638377,0,CHAIN PHARMACY,2,Yes,2012,3,7598,29282,Democrat,0.06512043366675441
WV,CLAY,1035.506485,272.536,762.970485,26.3,73.7,0.5190156599552572,0.4697986577181208,0.011185682326621925,RETAIL PHARMACY,5,Yes,2012,3,9262,33165,Democrat,0.11180160710429714
WV,DODDRIDGE,657.75168,314.6715,343.08018,47.8,52.2,1,0,0,RETAIL PHARMACY,1,Yes,2012,3,8199,31261,Republican,0.08022340285400659
WV,FAYETTE,13030.91289515,7010.37638015,6020.536515,53.800000000000004,46.199999999999996,0.4226449690579876,0.5716250286500114,0.005730002292000917,CHAIN PHARMACY,25,Yes,2012,5,45904,34891,Democrat,0.28387314602540087
WV,GILMER,1049.7032425749999,464.372252575,585.33099,44.2,55.8,0.6939252336448598,0.3060747663551402,0,RETAIL PHARMACY,2,Yes,2012,2,8774,35524,Democrat,0.11963793510086618
WV,GRANT,1237.086595,678.6505,558.436095,54.900000000000006,45.099999999999994,0.6313932980599647,0.36860670194003525,0,RETAIL PHARMACY,2,Yes,2012,2,11851,40250,Republican,0.10438668424605518
WV,GREENBRIER,20045.6187703,14150.5211353,5895.097635,70.6,29.400000000000006,0.6292878635907723,0.36489468405215647,0.005817452357071214,RETAIL PHARMACY,22,No,2012,4,35861,36539,Democrat,0.5589810314910348
WV,HAMPSHIRE,4673.16487045,3309.83434045,1363.33053,70.8,29.200000000000003,0.4523052464228935,0.5476947535771065,0,CHAIN PHARMACY,4,Yes,2012,4,23676,28573,Republican,0.1973798306491806
WV,HANCOCK,14307.9773462,10890.2219162,3417.75543,76.1,23.900000000000006,0.6578828828828829,0.3373873873873874,0.00472972972972973,RETAIL PHARMACY,17,No,2012,4,30349,37465,Democrat,0.47144806570891956
WV,HARDY,2012.0763,1289.07735,722.99895,64.1,35.900000000000006,0.5076142131979695,0.49153976311336717,8.460236886632825e-4,RETAIL PHARMACY,6,Yes,2012,2,13892,34184,Democrat,0.1448370501007774
WV,HARRISON,23664.331,10262.818224999999,13401.512775000001,43.4,56.6,0.49798936308211184,0.49980542223375274,0.0022052146841354263,CHAIN PHARMACY,33,Yes,2012,4,69178,41799,Democrat,0.3420788545491341
WV,JACKSON,6889.59085,3744.008125,3145.582725,54.300000000000004,45.699999999999996,0.4682760755184153,0.5212008666047663,0.010523057876818322,CHAIN PHARMACY,16,Yes,2012,3,29305,41087,Republican,0.23509950008530967
WV,JEFFERSON,12843.38184015,10582.12203015,2261.25981,82.39999999999999,17.60000000000001,0.2454632282712512,0.7545367717287488,0,CHAIN PHARMACY,10,No,2012,3,54543,64314,Republican,0.23547259666960013
WV,KANAWHA,62467.897369225,31620.784684225,30847.112685,50.6,49.4,0.3560955390912388,0.6358219781358478,0.00808248277291332,CHAIN PHARMACY,100,No,2012,5,192102,45642,Democrat,0.3251808797889923
WV,LEWIS,2917.5812,1017.07925,1900.50195,34.9,65.1,0.2488135593220339,0.7505084745762712,6.779661016949153e-4,CHAIN PHARMACY,6,Yes,2012,2,16437,35179,Republican,0.17750083348542922
WV,LINCOLN,6768.76667015,3807.3163551499997,2961.450315,56.2,43.8,0.7710351861295257,0.22896481387047424,0,RETAIL PHARMACY,7,Yes,2012,5,21639,34066,Democrat,0.3128040422454827
WV,LOGAN,22297.50439015,6770.11438015,15527.39001,30.4,69.6,0.5677339901477833,0.4316502463054187,6.157635467980296e-4,RETAIL PHARMACY,16,No,2012,6,36340,36698,Democrat,0.6135801978577325
WV,MARION,11665.06567015,4588.25750515,7076.808165,39.300000000000004,60.699999999999996,0.5496941896024465,0.44724770642201833,0.0030581039755351682,RETAIL PHARMACY,20,No,2012,2,56777,40827,Democrat,0.20545406890378146
WV,MARSHALL,11796.797059999999,7857.8225,3938.97456,66.60000000000001,33.39999999999999,0.14720652856246078,0.852165725047081,6.277463904582549e-4,CHAIN PHARMACY,9,No,2012,3,32691,40288,Democrat,0.360857638493775
WV,MASON,7158.34851,2947.019625,4211.328885,41.199999999999996,58.800000000000004,0.4948545861297539,0.5020134228187919,0.003131991051454139,CHAIN PHARMACY,6,Yes,2012,4,27242,37877,Democrat,0.26276883158358416
WV,MCDOWELL,8855.372535,4314.630375,4540.74216,48.699999999999996,51.300000000000004,0.6341059602649006,0.3658940397350993,0,RETAIL PHARMACY,9,No,2012,6,21316,22972,Democrat,0.41543312699380747
WV,MERCER,18552.14951015,8261.66625515,10290.483255,44.5,55.5,0.4316494658699982,0.5649103747963063,0.0034401593336954553,CHAIN PHARMACY,23,Yes,2012,6,62358,34517,Democrat,0.2975103356449854
WV,MINERAL,4683.9984349999995,2886.5507,1797.447735,61.6,38.4,0.5262172284644194,0.4737827715355805,0,RETAIL PHARMACY,7,Yes,2012,3,27918,32968,Republican,0.1677770053370585
WV,MINGO,11435.48601,4683.898725,6751.587285,41,59,0.9323467230443975,0.06638477801268498,0.0012684989429175475,RETAIL PHARMACY,10,No,2012,6,26133,34518,Democrat,0.43758795431064174
WV,MONONGALIA,17186.062509375,10240.126689375,6945.935820000001,59.599999999999994,40.400000000000006,0.31598619896492236,0.6827199539965497,0.0012938470385278895,CHAIN PHARMACY,23,No,2012,2,100539,41326,Democrat,0.17093926246904184
WV,MONROE,1536.531675,733.6956,802.836075,47.8,52.2,1,0,0,RETAIL PHARMACY,3,Yes,2012,5,13507,39877,Republican,0.11375817539053823
WV,MORGAN,3667.07308,2663.5015,1003.57158,72.6,27.400000000000006,0.6568758344459279,0.3431241655540721,0,RETAIL PHARMACY,2,Yes,2012,4,17450,35350,Republican,0.21014745444126076
WV,NICHOLAS,12890.3974553,7294.8063353,5595.59112,56.599999999999994,43.400000000000006,0.6156603253377447,0.3843396746622553,0,RETAIL PHARMACY,10,No,2012,4,26234,38780,Democrat,0.49136225719676757
WV,OHIO,9957.896797575,6503.151427575,3454.74537,65.3,34.7,0.3836815358554489,0.6137775268210051,0.002540937323546019,CHAIN PHARMACY,17,No,2012,3,44051,40652,Democrat,0.22605381938151234
WV,PENDLETON,842.859795,476.713875,366.14592,56.599999999999994,43.400000000000006,0.4722792607802875,0.5277207392197125,0,CHAIN PHARMACY,2,Yes,2012,2,7515,34087,Democrat,0.11215699201596806
WV,PLEASANTS,1257.857835,411.4935,846.364335,32.7,67.3,0.5253378378378378,0.47466216216216217,0,RETAIL PHARMACY,2,Yes,2012,3,7598,42300,Democrat,0.16555117596735983
WV,POCAHONTAS,1526.421175,948.94525,577.475925,62.2,37.8,0.7126654064272212,0.28733459357277885,0,RETAIL PHARMACY,3,Yes,2012,5,8707,32381,Democrat,0.17530965602388882
WV,PRESTON,3130.85581,1530.0117249999998,1600.844085,48.9,51.1,0.5205479452054794,0.4794520547945205,0,RETAIL PHARMACY,7,No,2012,2,33894,45538,Republican,0.0923719776361598
WV,PUTNAM,12869.029967575,6275.709377575,6593.32059,48.8,51.2,0.49520692073883565,0.49918166939443537,0.005611409866729015,CHAIN PHARMACY,22,No,2012,3,56558,56081,Republican,0.22753686423803882
WV,RALEIGH,57161.04656515,45337.94780515,11823.09876,79.3,20.700000000000003,0.4307375717534929,0.5654716776778945,0.0037907505686125853,CHAIN PHARMACY,41,No,2012,6,79059,39325,Democrat,0.7230175763056704
WV,RANDOLPH,5999.9454749999995,3037.117875,2962.8276,50.6,49.4,0.1644234267006184,0.832302655511095,0.00327391778828665,CHAIN PHARMACY,10,No,2012,3,29419,37350,Democrat,0.20394797494816275
WV,RITCHIE,1339.60266,413.77957499999997,925.823085,30.9,69.1,0.5539452495974235,0.44605475040257647,0,RETAIL PHARMACY,3,Yes,2012,2,10274,35634,Republican,0.13038764453961457
WV,ROANE,2863.96731045,1056.21264045,1807.75467,36.9,63.1,0.6091142490372272,0.3902439024390244,6.418485237483953e-4,RETAIL PHARMACY,5,Yes,2012,3,14698,27174,Republican,0.19485421897196897
WV,SUMMERS,3509.452825,1991.260975,1518.19185,56.699999999999996,43.300000000000004,0.5043562439496612,0.4927395934172314,0.002904162633107454,RETAIL PHARMACY,4,Yes,2012,6,13769,33066,Democrat,0.25488073389498145
WV,TAYLOR,2017.95399,846.520125,1171.433865,41.9,58.1,0,1,0,CHAIN PHARMACY,3,Yes,2012,2,16996,40720,NA,0.11873111261473288
WV,TUCKER,372.48837,129.768375,242.719995,34.8,65.2,0.7083333333333334,0.2916666666666667,0,RETAIL PHARMACY,2,Yes,2012,2,6945,36445,Democrat,0.053634034557235415
WV,TYLER,1101.39999,564.122625,537.277365,51.2,48.8,1,0,0,RETAIL PHARMACY,2,Yes,2012,2,9029,37919,Republican,0.12198471480784139
WV,UPSHUR,2567.990325,985.70175,1582.288575,38.4,61.6,0.19849418206707733,0.7932922655715263,0.008213552361396304,CHAIN PHARMACY,9,No,2012,2,24484,41214,Republican,0.10488442758536187
WV,WAYNE,9567.49395,6347.22,3220.2739500000002,66.3,33.7,0.5068434559452524,0.4897348160821215,0.003421727972626176,RETAIL PHARMACY,11,Yes,2012,4,41695,36575,Democrat,0.22946381940280608
WV,WEBSTER,1348.678695,382.581375,966.09732,28.4,71.6,0.7697368421052632,0.23026315789473684,0,RETAIL PHARMACY,4,Yes,2012,5,9024,25634,Democrat,0.14945464261968086
WV,WETZEL,3112.528035,1298.356125,1814.17191,41.699999999999996,58.300000000000004,0.33987915407854985,0.6578549848942599,0.0022658610271903325,CHAIN PHARMACY,5,Yes,2012,2,16406,37897,Democrat,0.18971888546873095
WV,WIRT,405.74818,69.47874999999999,336.26943,17.1,82.9,1,0,0,RETAIL PHARMACY,1,Yes,2012,2,5816,36602,Republican,0.06976412998624484
WV,WOOD,18541.48055015,6905.88930515,11635.591245,37.2,62.8,0.32704479065238556,0.6652872444011685,0.007667964946445959,CHAIN PHARMACY,37,No,2012,3,86584,42734,Republican,0.21414442102640213
WV,WYOMING,17167.527077575,11763.499652575,5404.027425,68.5,31.5,0.7952,0.2044,4e-4,RETAIL PHARMACY,9,Yes,2012,6,23232,36010,Democrat,0.7389603597441029
OH,FAYETTE,9942.841392575,6783.576627575,3159.264765,68.2,31.799999999999997,0.18208635022794314,0.8179136497720568,0,CHAIN PHARMACY,5,Yes,2012,3,28837,38864,NA,0.34479458309030064
OH,HANCOCK,12860.5054503,8211.8810103,4648.62444,63.9,36.1,0.10511457987379608,0.8948854201262039,0,CHAIN PHARMACY,12,No,2012,2,75597,49350,NA,0.17011925672050476
OH,HARRISON,2841.59908,1564.84075,1276.75833,55.1,44.9,0.7959641255605381,0.2040358744394619,0,RETAIL PHARMACY,3,Yes,2012,2,15710,37088,NA,0.18087836282622533
OH,JACKSON,22947.1375,15739.8505,7207.286999999999,68.60000000000001,31.39999999999999,0.3671589921807124,0.6326672458731538,1.737619461337967e-4,CHAIN PHARMACY,9,Yes,2012,4,32905,36903,NA,0.6973753988755509
OH,JEFFERSON,30892.080389525,23100.703469525,7791.37692,74.8,25.200000000000003,0.41847826086956524,0.5813127090301003,2.0903010033444816e-4,CHAIN PHARMACY,22,No,2012,4,68338,40115,NA,0.45204835361767975
OH,LOGAN,11157.39704015,6179.85878015,4977.53826,55.400000000000006,44.599999999999994,0.15970796258270592,0.8402920374172941,0,CHAIN PHARMACY,8,No,2012,2,45447,47345,NA,0.24550348846238473
OH,MARION,16508.304938025,9659.460143025,6848.844795,58.5,41.5,0.10042525351651946,0.8985933922145894,9.813542688910696e-4,CHAIN PHARMACY,13,No,2012,3,66236,40966,NA,0.24923462977874572
OH,MERCER,4566.345438325,2242.880778325,2323.46466,49.1,50.9,0.5041058394160584,0.4954379562043796,4.562043795620438e-4,RETAIL PHARMACY,6,Yes,2012,1,40841,52234,NA,0.11180787537829633
OH,MONROE,2333.068105,1301.26975,1031.798355,55.800000000000004,44.199999999999996,0.7110711071107111,0.28802880288028804,9.000900090009e-4,RETAIL PHARMACY,4,Yes,2012,2,14574,41677,NA,0.16008426684506655
OH,MORGAN,3147.372425,1967.145125,1180.2273,62.5,37.5,0.9992254066615027,0,7.74593338497289e-4,RETAIL PHARMACY,2,Yes,2012,2,14959,37152,NA,0.2103999214519687
OH,PUTNAM,4518.4688603,2154.2305103,2364.23835,47.699999999999996,52.300000000000004,0.7292418772563177,0.2703971119133574,3.6101083032490973e-4,RETAIL PHARMACY,10,No,2012,1,34188,60693,NA,0.13216534632912133
OH,WAYNE,19688.717559825,12710.075004825,6978.642554999999,64.60000000000001,35.39999999999999,0.46033376123234915,0.5362002567394095,0.003465982028241335,CHAIN PHARMACY,26,Yes,2012,1,115063,49241,NA,0.1711124997594796
OH,WOOD,24432.764274049998,16644.42948905,7788.334785,68.10000000000001,31.89999999999999,0.21664050235478807,0.7815803244374673,0.0017791732077446364,CHAIN PHARMACY,26,No,2012,1,128642,53441,NA,0.18992836145310238
OH,PIKE,12730.1728859,9185.5861559,3544.58673,72.2,27.799999999999997,0.4965922444183314,0.5034077555816686,0,CHAIN PHARMACY,6,Yes,2012,3,28490,39735,NA,0.4468295151246051
OH,SCIOTO,32827.736222875,19061.757512875,13765.97871,58.099999999999994,41.900000000000006,0.576089863599893,0.42007666934117854,0.003833467058928412,RETAIL PHARMACY,26,No,2012,5,78605,34783,NA,0.4176291103985115
OH,PICKAWAY,18624.200202575,13955.128377575,4669.071825,74.9,25.099999999999994,0.576271186440678,0.42194469223907227,0.001784121320249777,RETAIL PHARMACY,10,No,2012,2,56361,53750,NA,0.33044481472250314
OH,DARKE,7552.494738475,4060.729158475,3491.7655799999998,53.800000000000004,46.199999999999996,0.26549513179767276,0.7340299216338162,4.749465685110425e-4,CHAIN PHARMACY,9,Yes,2012,3,52498,44311,NA,0.14386252311469008
OH,FRANKLIN,448119.6818857,327601.1903857,120518.49150000002,73.1,26.900000000000006,0.14910477505609868,0.8471370062924664,0.0037582186514350277,CHAIN PHARMACY,316,No,2012,3,1197690,50700,NA,0.37415331336631347
OH,MIAMI,21720.545700075,11207.154165075,10513.391534999999,51.6,48.4,0.20814429567334292,0.789753236693593,0.00210246763306407,CHAIN PHARMACY,17,No,2012,3,103125,52292,NA,0.21062347345527271
OH,PREBLE,11754.65599575,6431.34352575,5323.31247,54.7,45.3,0.4067938771230866,0.5932061228769134,0,CHAIN PHARMACY,6,Yes,2012,3,41856,48899,NA,0.28083562680977636
OH,PORTAGE,31464.0658357,20514.9679207,10949.097915,65.2,34.8,0.16618475117942474,0.8318368589255821,0.0019783898949931517,CHAIN PHARMACY,37,No,2012,2,161482,51969,NA,0.19484565360659392
OH,STARK,110978.31252075001,68015.29936575,42963.013155,61.3,38.7,0.3480077565907937,0.6508149037351678,0.001177339674038506,CHAIN PHARMACY,104,No,2012,2,374807,45689,NA,0.29609455672052554
OH,HAMILTON,290853.14485262503,215320.58790512502,75532.55694750001,74,26,0.14799697987678773,0.8491689189928545,0.0028341011303577093,CHAIN PHARMACY,212,No,2012,3,802316,49104,NA,0.36251694451142075
OH,CUYAHOGA,276317.1384256,201357.62890210003,74959.5095235,72.89999999999999,27.10000000000001,0.1457201311129199,0.8486591724046901,0.005620696482389951,CHAIN PHARMACY,323,No,2012,3,1265798,43861,NA,0.2182948135686737
OH,PERRY,12865.14563515,8564.41430515,4300.73133,66.60000000000001,33.39999999999999,0.7134182174338883,0.27972575905974534,0.0068560235063663075,RETAIL PHARMACY,8,No,2012,2,36009,42222,NA,0.3572758375725513
OH,BUTLER,229903.340780125,136475.606315125,93427.734465,59.4,40.6,0.24561849661983173,0.7528980439527836,0.001483459427384661,CHAIN PHARMACY,87,No,2012,3,370802,56253,NA,0.6200164529320904
OH,SENECA,14794.2981359,9037.1257559,5757.17238,61.1,38.9,0.3912196848999823,0.6022304832713755,0.006549831828642237,CHAIN PHARMACY,18,No,2012,1,56037,42375,NA,0.2640094604618377
OH,WASHINGTON,23168.254562399998,10788.2332074,12380.021354999999,46.6,53.4,0.1574074074074074,0.8392775491540924,0.0033150434385002285,CHAIN PHARMACY,19,No,2012,2,61509,43829,NA,0.37666446475149973
OH,ROSS,38771.52192075,28936.54162575,9834.980295,74.6,25.400000000000006,0.4417140886359717,0.5576823590274185,6.035523366097603e-4,CHAIN PHARMACY,18,No,2012,4,77453,44089,NA,0.5005812805281913
OH,COSHOCTON,7390.32268,4859.47825,2530.84443,65.8,34.2,0.2480942480942481,0.7519057519057519,0,CHAIN PHARMACY,7,No,2012,2,36821,41885,NA,0.20070945058526385
OH,DELAWARE,37099.320263274996,26372.101448275,10727.218815,71.1,28.900000000000006,0.05023317788141239,0.9443704197201865,0.005396402398401066,CHAIN PHARMACY,45,No,2012,1,181127,90499,NA,0.20482490331797576
OH,CLERMONT,72225.8157545,48541.8110045,23684.00475,67.2,32.8,0.15462474426617853,0.8434011700943972,0.0019740856394242848,CHAIN PHARMACY,59,No,2012,3,199242,60590,NA,0.3625029650098875
OH,ALLEN,20322.265398325,11004.599403324999,9317.665995,54.2,45.8,0.2689295039164491,0.7281331592689295,0.00293733681462141,CHAIN PHARMACY,32,No,2012,2,105329,43194,NA,0.19294083679067492
OH,MADISON,12060.441578325,8725.292978325,3335.1486,72.3,27.700000000000003,0.44137086903304773,0.5510403916768666,0.007588739290085679,CHAIN PHARMACY,13,No,2012,2,42949,54647,NA,0.2808084374100678
OH,BROWN,15210.83737,9768.488125,5442.349244999999,64.2,35.8,0.4341118491536319,0.5658881508463681,0,CHAIN PHARMACY,8,Yes,2012,4,44399,45807,NA,0.34259414333656163
OH,LORAIN,71601.032081625,47797.475966624996,23803.556115,66.8,33.2,0.1344590368980613,0.8606212215968313,0.004919741505107359,CHAIN PHARMACY,79,No,2012,2,301652,51756,NA,0.23736302786530505
OH,ERIE,25472.0369192,18402.7054442,7069.331475,72.2,27.799999999999997,0.21062126508061788,0.7849813958732664,0.004397339046115683,CHAIN PHARMACY,26,No,2012,2,76464,46906,NA,0.3331245673676501
OH,LAKE,64664.267915525,47711.720900525,16952.547015,73.8,26.200000000000003,0.09079637577491655,0.9054840247973295,0.0037195994277539344,CHAIN PHARMACY,65,No,2012,2,229338,56231,NA,0.2819605469461014
OH,TUSCARAWAS,22054.1996242,12313.7222692,9740.477354999999,55.800000000000004,44.199999999999996,0.4606919902655804,0.5383557295524283,9.522801819913237e-4,CHAIN PHARMACY,22,No,2012,1,92501,43869,NA,0.23842120219457086
OH,MEDINA,46774.487416949996,31422.30016695,15352.187249999999,67.2,32.8,0.24410127253446448,0.7524522799575822,0.0034464475079533405,CHAIN PHARMACY,42,No,2012,2,173674,65768,NA,0.269323487781418
OH,HURON,20934.019372875,15683.521387875,5250.497985,74.9,25.099999999999994,0.1628292198111645,0.8361769090607918,9.938711280437303e-4,CHAIN PHARMACY,15,No,2012,2,59262,48335,NA,0.35324523932494684
OH,SUMMIT,182295.524677475,134114.565895475,48180.958782,73.6,26.400000000000006,0.31841079406895817,0.679862582103633,0.0017266238274088182,CHAIN PHARMACY,135,No,2012,3,541192,49227,NA,0.33684076016917286
OH,GEAUGA,16827.04374605,11916.25083605,4910.79291,70.8,29.200000000000003,0.06832124930284439,0.9241494701617401,0.007529280535415505,CHAIN PHARMACY,21,No,2012,2,93859,66127,NA,0.17928002371695842
OH,WYANDOT,2405.788387725,1426.735507725,979.05288,59.3,40.7,0.5897763578274761,0.40894568690095845,0.0012779552715654952,RETAIL PHARMACY,7,No,2012,1,22598,46129,NA,0.10646023487587397
OH,ASHLAND,6893.2393159,4244.7505309,2648.488785,61.6,38.4,0.34784159828754907,0.6503745986443097,0.0017838030681412772,CHAIN PHARMACY,10,No,2012,2,53238,44996,NA,0.1294796821048875
OH,ASHTABULA,40606.0772927,33325.9152677,7280.162025,82.1,17.900000000000006,0.3618068751079634,0.637415788564519,7.77336327517706e-4,CHAIN PHARMACY,26,No,2012,2,100268,41075,NA,0.40497543875114694
OH,GREENE,42947.01232195,25275.29551195,17671.716809999998,58.9,41.1,0.24847378330575684,0.7462771723626405,0.00524904433160267,CHAIN PHARMACY,48,No,2012,3,164389,57992,NA,0.2612523485266654
OH,WARREN,61290.723708925,38990.118498924996,22300.605209999998,63.6,36.4,0.2247269245833152,0.7713129378998216,0.003960137516863223,CHAIN PHARMACY,53,No,2012,2,217749,72055,NA,0.28147419142648183
OH,MONTGOMERY,168375.154407975,91273.650387975,77101.50402000001,54.2,45.8,0.2543073422189198,0.7443304075914488,0.0013622501896314184,CHAIN PHARMACY,139,No,2012,5,534782,43895,NA,0.3148482080697836
OH,CARROLL,2870.5998901499997,1593.94750515,1276.6523849999999,55.50000000000001,44.49999999999999,0.24726661059714045,0.7527333894028595,0,CHAIN PHARMACY,3,Yes,2012,2,28583,43127,NA,0.10043032187489066
OH,FAIRFIELD,44336.23291965,31874.81553465,12461.417385,71.89999999999999,28.10000000000001,0.30829544705804834,0.6876853133030243,0.004019239638927324,CHAIN PHARMACY,37,No,2012,2,147490,58971,NA,0.30060500996440437
OH,RICHLAND,28736.128198775,21419.823793775,7316.304405,74.5,25.5,0.11085779424337418,0.88591241569298,0.003229790063645863,CHAIN PHARMACY,27,No,2012,3,122600,42894,NA,0.2343893001531403
OH,SANDUSKY,14928.482392574999,9947.190652575,4981.29174,66.60000000000001,33.39999999999999,0.1785651946238436,0.811136323965788,0.010298481410368302,CHAIN PHARMACY,20,No,2012,2,60519,46785,NA,0.24667430711966487
OH,CRAWFORD,9523.164433475,6061.941283475,3461.22315,63.7,36.3,0.34241154562383613,0.6552607076350093,0.0023277467411545625,CHAIN PHARMACY,12,No,2012,3,42827,41877,NA,0.2223635658223784
OH,MORROW,5957.375398625,3999.648013625,1957.727385,67.10000000000001,32.89999999999999,0.30119965724078834,0.6953727506426736,0.003427592116538132,CHAIN PHARMACY,7,Yes,2012,2,34968,51534,NA,0.17036648932238047
OH,LICKING,40482.37305,28304.298,12178.07505,69.89999999999999,30.10000000000001,0.15633083968398237,0.841361952038034,0.00230720827798364,CHAIN PHARMACY,32,No,2012,2,167727,54247,NA,0.24135871416051083
OH,LUCAS,162491.3474041,118770.3885841,43720.95882,73.1,26.900000000000006,0.28457838421517623,0.711711004221066,0.0037106115637577305,CHAIN PHARMACY,135,No,2012,3,437131,41436,NA,0.37172231528786565
OH,CLARK,37827.3293892,22238.022094199998,15589.307294999999,58.8,41.2,0.2909103316500614,0.7075201310222465,0.0015695373276920978,CHAIN PHARMACY,32,No,2012,4,137193,43684,NA,0.2757234654042116
OH,DEFIANCE,8202.395715725,5195.4798607249995,3006.915855,63.3,36.7,0.28912213740458015,0.7101622137404581,7.156488549618321e-4,CHAIN PHARMACY,11,No,2012,2,38832,46377,NA,0.2112277429883859
OH,FULTON,8163.962597575,5119.224377575,3044.73822,62.7,37.3,0.2885952712100139,0.7111729253592953,2.318034306907742e-4,CHAIN PHARMACY,12,No,2012,2,42461,53039,NA,0.1922696732901957
OH,TRUMBULL,110600.49866930001,73496.2894193,37104.20925,66.5,33.5,0.26248207317479905,0.7361838375079212,0.001334089317279792,CHAIN PHARMACY,62,No,2012,4,207399,42488,NA,0.5332740209417597
OH,ADAMS,9315.86927,5408.360375,3907.508895,58.099999999999994,41.900000000000006,0.6961602671118531,0.3038397328881469,0,RETAIL PHARMACY,7,Yes,2012,4,28354,34282,NA,0.3285557335825633
OH,MAHONING,102986.9337656,67717.8432656,35269.0905,65.8,34.2,0.2654291146991524,0.7273518321570144,0.007219053143833188,CHAIN PHARMACY,88,No,2012,3,235845,41112,NA,0.43667210992643474
OH,LAWRENCE,21647.104789999998,11442.11915,10204.985639999999,52.900000000000006,47.099999999999994,0.42813455657492355,0.5709347161281745,9.307272969020078e-4,CHAIN PHARMACY,17,No,2012,3,62118,40244,NA,0.34848360845487614
OH,KNOX,17251.81412545,11320.24114045,5931.572985,65.60000000000001,34.39999999999999,0.5199578249736406,0.479740924838078,3.012501882813677e-4,RETAIL PHARMACY,12,No,2012,2,60805,49323,NA,0.28372361031905274
OH,CLINTON,17449.65359015,11340.47138015,6109.18221,65,35,0.4721383475157837,0.5277244029645897,1.372495196266813e-4,CHAIN PHARMACY,11,No,2012,4,41844,46443,NA,0.41701686239723734
OH,SHELBY,8581.045335,4016.76825,4564.277085,46.800000000000004,53.199999999999996,0.2212041884816754,0.7782722513089005,5.235602094240838e-4,CHAIN PHARMACY,7,No,2012,2,49125,51159,NA,0.1746777676335878
OH,AUGLAIZE,6899.106313925,3851.083798925,3048.022515,55.800000000000004,44.199999999999996,0.3375234019791388,0.6619416956405456,5.349023803155924e-4,CHAIN PHARMACY,12,No,2012,2,45875,52267,NA,0.1503892384506812
OH,COLUMBIANA,30953.32151015,17316.94380515,13636.377704999999,55.900000000000006,44.099999999999994,0.343477618555178,0.6558575860540701,6.647953907519574e-4,CHAIN PHARMACY,28,No,2012,2,106441,41870,NA,0.2908026184473088
OH,OTTAWA,9621.33614105,6639.31736105,2982.01878,69,31,0.34703632887189295,0.652963671128107,0,CHAIN PHARMACY,9,No,2012,2,41339,53850,NA,0.23274235325116718
OH,WILLIAMS,6519.07716515,3983.34413015,2535.733035,61.1,38.9,0.2897420515896821,0.707258548290342,0.002999400119976005,CHAIN PHARMACY,9,No,2012,1,37547,43176,NA,0.1736244484286361
OH,HENRY,3748.999512575,2188.565877575,1560.433635,58.4,41.6,0.17812852311161217,0.8213077790304397,5.636978579481398e-4,CHAIN PHARMACY,4,Yes,2012,2,28073,49423,NA,0.1335446697030955
OH,VAN WERT,5183.025887875,2827.263137875,2355.76275,54.50000000000001,45.49999999999999,0.3985690235690236,0.5993265993265994,0.0021043771043771043,CHAIN PHARMACY,5,Yes,2012,2,28718,44602,NA,0.1804800434527126
OH,HIGHLAND,18099.34977,11815.645875,6283.703895,65.3,34.7,0.3742371981958079,0.6248341735208278,9.286282833642876e-4,CHAIN PHARMACY,12,No,2012,3,43023,39641,NA,0.42069009064918766
OH,UNION,15590.7421153,11658.6993853,3932.04273,74.8,25.200000000000003,0.252834943301134,0.744015119697606,0.003149937001259975,CHAIN PHARMACY,10,Yes,2012,2,52832,65866,NA,0.2951003580273319
OH,CHAMPAIGN,8256.3790083,5167.6736133,3088.705395,62.6,37.4,0.4006940736785905,0.598505072076882,8.00854244527496e-4,CHAIN PHARMACY,7,Yes,2012,2,39578,50214,NA,0.20861031402041538
OH,HOCKING,9365.137985,6313.377125,3051.76086,67.4,32.599999999999994,0.21036397285626157,0.7893275755706354,3.0845157310302283e-4,CHAIN PHARMACY,5,Yes,2012,3,29299,40556,NA,0.3196401919860746
OH,ATHENS,24313.48187725,17804.67512725,6508.80675,73.2,26.799999999999997,0.5530617540217956,0.4469382459782045,0,RETAIL PHARMACY,13,No,2012,3,64641,33836,NA,0.3761309676095667
OH,HARDIN,7123.47476,4320.457625,2803.017135,60.699999999999996,39.300000000000004,0,0.9983102399459277,0.0016897600540723217,CHAIN PHARMACY,8,No,2012,2,31638,40732,NA,0.22515565964978823
OH,MEIGS,8844.549035,4519.480625,4325.06841,51.1,48.9,0.8135016998542982,0.1850412821758135,0.0014570179698882952,RETAIL PHARMACY,5,Yes,2012,3,23605,34704,NA,0.37468964350773143
OH,GALLIA,17837.211314375,11012.461439375,6824.7498749999995,61.7,38.3,0.46033782339106266,0.5396621766089373,0,CHAIN PHARMACY,6,Yes,2012,3,30823,39399,NA,0.5786980928000195
OH,GUERNSEY,16795.428107875,11760.437387875,5034.99072,70,30,0.3743352601156069,0.6245086705202312,0.0011560693641618498,CHAIN PHARMACY,8,Yes,2012,2,39826,39293,NA,0.42172018550381657
OH,BELMONT,34705.42573635,24754.02702135,9951.398715,71.3,28.700000000000003,0.5640295452522915,0.4349025540624722,0.001067900685236273,RETAIL PHARMACY,27,No,2012,2,69638,41676,NA,0.4983690763139378
OH,PAULDING,2192.06393,1015.1966,1176.86733,46.300000000000004,53.699999999999996,0.4108159392789374,0.5882352941176471,9.487666034155598e-4,CHAIN PHARMACY,4,Yes,2012,2,19278,44099,NA,0.11370805737109657
OH,MUSKINGUM,38824.637786775,26172.701021775,12651.936765,67.4,32.599999999999994,0.5582757160999012,0.4373500776068858,0.004374206293212925,RETAIL PHARMACY,33,No,2012,2,85873,40398,NA,0.452116937649494
OH,VINTON,1184.624725,730.423375,454.20135,61.7,38.3,1,0,0,RETAIL PHARMACY,1,Yes,2012,4,13235,34432,NA,0.08950696826596145
OH,HOLMES,2024.38703,1242.99725,781.38978,61.4,38.6,0.5658284023668639,0.42677514792899407,0.0073964497041420114,RETAIL PHARMACY,4,Yes,2012,1,43094,44091,NA,0.04697607625191442
OH,NOBLE,3940.0179033,2257.0967133,1682.92119,57.3,42.7,1,0,0,RETAIL PHARMACY,3,Yes,2012,2,14578,39544,NA,0.27027149837426256
